ลำดับ,Group
1,https://www.facebook.com/share/g/17yvNkWcJG/
2,https://www.facebook.com/share/g/17cuAKX5Py/
3,https://www.facebook.com/share/g/1Wm4GxnHFm/
4,https://www.facebook.com/share/g/1Dp8rpYxmE/
5,https://www.facebook.com/share/g/1F3cnPDmGU/
6,https://www.facebook.com/share/g/1N2eXd6ge5/
7,https://www.facebook.com/share/g/1AnUsnRNod/
8,https://www.facebook.com/share/g/1JyWvsFtu6/
9,https://www.facebook.com/share/g/1AzBzdPhEL/
10,https://www.facebook.com/share/g/18NsbCsA52/
11,https://www.facebook.com/share/g/1CKirSUbzs/
12,https://www.facebook.com/share/g/173xAigqGb/
13,https://www.facebook.com/share/g/17yZmR3H1U/
14,https://www.facebook.com/share/g/1EV9v3JxPX/
15,https://www.facebook.com/share/g/1BXjpfQN97/
16,https://www.facebook.com/share/g/18Mh4scEdr/
17,https://www.facebook.com/share/g/17rf5Ppt8a/
18,https://www.facebook.com/share/g/1EGJYxCSeT/
19,https://www.facebook.com/share/g/1C9S5cRLgw/
20,https://www.facebook.com/share/g/1FgHtiV8oF/
21,https://www.facebook.com/groups/485019775925280/
22,https://www.facebook.com/share/g/1AgeQ1WpzA/
23,https://www.facebook.com/share/g/1XYiLFYJgX/
24,https://www.facebook.com/share/g/1CAAbCJJVT/
25,https://www.facebook.com/share/g/1879ZUrbpH/
26,https://www.facebook.com/share/g/1Bhed5kut5/
27,https://www.facebook.com/share/g/1J75CA6Aox/
28,https://www.facebook.com/share/g/1CVwGydoVb/
29,https://www.facebook.com/share/g/1SKVJR95jx/
30,https://www.facebook.com/share/g/1Di1RbGM5Z/
31,https://www.facebook.com/share/g/1AgFYb1qH7/
32,https://www.facebook.com/share/g/1WhmM13MbK/
33,https://www.facebook.com/share/g/1Ch6CSbFLq/
34,https://www.facebook.com/share/g/19vVjxviuP/
35,https://www.facebook.com/share/g/189YXg4LZr/
36,https://www.facebook.com/share/g/1HmmyqcGTq/
37,https://www.facebook.com/share/g/18E2JPkYMH/
38,https://www.facebook.com/share/g/1ArRmRHKEy/
39,https://www.facebook.com/share/g/19c9HUsnBN/
40,https://www.facebook.com/share/g/1GTM17dYew/
41,https://www.facebook.com/share/g/189gkv2NVu/
42,https://www.facebook.com/share/g/1BGgqYXFrJ/
43,https://www.facebook.com/share/g/1E2rpaskGy/
44,https://www.facebook.com/share/g/17iWwCY6Pc/
45,https://www.facebook.com/share/g/1biieSTrft/
46,https://www.facebook.com/share/g/1DmTmzs5Dn/
47,https://www.facebook.com/share/g/1GDtgBoYjd/
48,https://www.facebook.com/share/g/17o4QPYZfr/
49,https://www.facebook.com/share/g/1AwtrUdMkw/
50,https://www.facebook.com/share/g/1DFcTDtguE/
51,https://www.facebook.com/share/g/14cTZ1dxvTo/
52,https://www.facebook.com/share/g/1ENBMKVPrw/
53,https://www.facebook.com/share/g/1Dksryieym/
54,https://www.facebook.com/share/g/1DAyY5idaF/
55,https://www.facebook.com/share/g/1CNm4wbqSe/
56,https://www.facebook.com/share/g/17uw8vv7vb/
57,https://www.facebook.com/share/g/1GPMEpyZEa/
58,https://www.facebook.com/share/g/1DEHfe3cS3/
59,https://www.facebook.com/share/g/1GZhnbeEVJ/
60,https://www.facebook.com/share/g/1CUhdjzY2y/
61,https://www.facebook.com/share/g/17G11FQ4MS/
62,https://www.facebook.com/share/g/1Kmt1wQmrZ/
63,https://www.facebook.com/share/g/1MhTuADusV/
64,https://www.facebook.com/share/g/1CTofFNtcq/
65,https://www.facebook.com/share/g/18A2nRTGhd/
66,https://www.facebook.com/share/g/1AsSXshu4s/
67,https://www.facebook.com/groups/175356699802854/
68,https://www.facebook.com/share/g/18JNQPA5PU/
69,https://www.facebook.com/share/g/18NPYCEess/
70,https://www.facebook.com/share/g/1EKebYgt5Q/
71,https://www.facebook.com/share/g/185ytLwwFg/
72,https://www.facebook.com/share/g/1Dv3yJSrK4/
73,https://www.facebook.com/share/g/17G6mCkmKJ/
74,https://www.facebook.com/share/g/1FkNPpjiQT/
75,https://www.facebook.com/share/g/1CK38hkJKi/
76,https://www.facebook.com/share/g/1GTKcMsvPH/
77,https://www.facebook.com/share/g/16kde1JhfD/
78,https://www.facebook.com/share/g/1GdLnRnNa8/
79,https://www.facebook.com/share/g/14VETLLJxFk/
80,https://www.facebook.com/share/g/183AURyK31/
81,https://www.facebook.com/share/g/1ATGortt8h/
82,https://www.facebook.com/share/g/1briWbWRkE/
83,https://www.facebook.com/share/g/18PynzrLZs/
84,https://www.facebook.com/share/g/1Am4xiU2gK/
85,https://www.facebook.com/share/g/17DJKPBtHd/
86,https://www.facebook.com/groups/propertydit/
87,https://www.facebook.com/share/g/185RyKmRPE/
88,https://www.facebook.com/share/g/1CY3Mbb748/
89,https://www.facebook.com/share/g/1B8oxbjTvm/
90,https://www.facebook.com/share/g/1GSXJfPHRv/
91,https://www.facebook.com/share/g/1M1HGCPGcu/
92,https://www.facebook.com/share/g/1TNPq3ht9y/
93,https://www.facebook.com/groups/2234744070053568/
94,https://www.facebook.com/share/g/1CQGfxHye9/
95,https://www.facebook.com/share/g/1DSPbvtBao/
96,https://www.facebook.com/share/g/1GSvzLRBLr/
97,https://www.facebook.com/share/g/1F8jgQaN2A/
98,https://www.facebook.com/share/g/1HbNgxFjuL/
99,https://www.facebook.com/share/g/1C88zkj62s/
100,https://www.facebook.com/share/g/1Av5UuLqoH/
101,https://www.facebook.com/share/g/1SmN6nuyk2/
102,https://www.facebook.com/share/g/17H6RfoLRU/
103,https://www.facebook.com/share/g/1cLKmAvPxn/
104,https://www.facebook.com/share/g/174RKdW4tb/
105,https://www.facebook.com/share/g/19WUdWcuDX/
106,https://www.facebook.com/share/g/1Y2vcMpTCi/
107,https://www.facebook.com/share/g/1CE4tovrbk/
108,https://www.facebook.com/groups/1756597841090354/
109,https://www.facebook.com/groups/theoneestate/
110,https://www.facebook.com/groups/1512942549024788/
111,https://www.facebook.com/share/g/1N8fiVtKft/
112,https://www.facebook.com/share/g/17148ebYu2/
113,https://www.facebook.com/share/g/1MeEAycCK9/
114,https://www.facebook.com/share/g/1SZj2CdzZG/
115,https://www.facebook.com/share/g/1J6mpUjhH1/
116,https://www.facebook.com/share/g/1FBhAHeU2C/
117,https://www.facebook.com/share/g/18PtvBe5Rk/
118,https://www.facebook.com/share/g/1CV291GDMX/
119,https://www.facebook.com/share/g/1ExkvVre1Z/
120,https://www.facebook.com/groups/210390739740584/
121,https://www.facebook.com/share/g/1E4S1igybj/
122,https://www.facebook.com/share/g/1CKJ9gZFiE/
123,https://www.facebook.com/share/g/1EMvFAXfAG/
124,https://www.facebook.com/share/g/1BT3jt6Gzc/
125,https://www.facebook.com/share/g/1AbuUgw43X/
126,https://www.facebook.com/share/g/1GZJbNyZ7W/
127,https://www.facebook.com/share/g/18GwgqjiBc/
128,https://www.facebook.com/share/g/1HqpNUtH8B/
129,https://www.facebook.com/share/g/1GXwMupTDL/
130,https://www.facebook.com/share/g/1JTxjApoKP/
131,https://www.facebook.com/share/g/19VteKNLoD/
132,https://www.facebook.com/share/g/1C6x2GoH7u/
133,https://www.facebook.com/share/g/1DaoFJMJkP/
134,https://www.facebook.com/share/g/1DGSJAvihX/
135,https://www.facebook.com/share/g/1AjZE6ZfSd/
136,https://www.facebook.com/share/g/1DQok3tTUH/
137,https://www.facebook.com/share/g/1C6oYUM8aD/
138,https://www.facebook.com/share/g/1GEPncCTh9/
139,https://www.facebook.com/share/g/1DjbxnhQBA/
140,https://www.facebook.com/share/g/18Jr24GQVM/
141,https://www.facebook.com/share/g/186TqCt9nn/
142,https://www.facebook.com/share/g/1LKtYvTQyb/
143,https://www.facebook.com/share/g/1HcXDi1ghz/
144,https://www.facebook.com/share/g/1C1PfcEEU9/
145,https://www.facebook.com/share/g/18JoUsmbRP/
146,https://www.facebook.com/share/g/16wHaXjF3W/
147,https://www.facebook.com/share/g/17AZ9awNPP/
148,https://www.facebook.com/groups/770357389784713/
149,https://www.facebook.com/share/g/1CB7iUsP7j/
150,https://www.facebook.com/groups/condomarket/
151,https://www.facebook.com/share/g/18EVu9X5hn/
152,https://www.facebook.com/share/g/1KJZowXjYW/
153,https://www.facebook.com/share/g/1Akg539Dgx/
154,https://www.facebook.com/share/g/1L5WbUZqNR/
155,https://www.facebook.com/groups/914277069917114/
156,https://www.facebook.com/share/g/18MYU47ZQy/
157,https://www.facebook.com/groups/1516977068738748/
158,https://www.facebook.com/share/g/18akkmMoGG/
